unique_ID	HLA_class	instrument	file	zip_file
Granulocytes 01	I	Lumos	170126_AN_Buffy2831_Granulocytes_W_20%_DDA#1_400-650mz_msms15.raw	granulo_hpc_raw_part_01.zip
Granulocytes 01	I	Lumos	170126_AN_Buffy2831_Granulocytes_W_20%_DDA#2_400-650mz_msms19.raw	granulo_hpc_raw_part_01.zip
Granulocytes 01	I	Lumos	170126_AN_Buffy2831_Granulocytes_W_20%_DDA#3_400-650mz_msms20.raw	granulo_hpc_raw_part_01.zip
Granulocytes 02	I	Lumos	170204_AN_Buffy2832_Granulocytes_W_20%_DDA#1_400-650mz_msms14.raw	granulo_hpc_raw_part_01.zip
Granulocytes 02	I	Lumos	170204_AN_Buffy2832_Granulocytes_W_20%_DDA#2_400-650mz_msms18.raw	granulo_hpc_raw_part_01.zip
Granulocytes 02	I	Lumos	170204_AN_Buffy2832_Granulocytes_W_20%_DDA#3_400-650mz_msms19.raw	granulo_hpc_raw_part_01.zip
Granulocytes 02	II	Lumos	170622_AN_Buffy2832_Granulocytes_Tue39L243_20%_DDA#1_400-650mz_msms2.raw	granulo_hpc_raw_part_02.zip
Granulocytes 02	II	Lumos	170622_AN_Buffy2832_Granulocytes_Tue39L243_20%_DDA#2_400-650mz_msms3.raw	granulo_hpc_raw_part_02.zip
Granulocytes 02	II	Lumos	170622_AN_Buffy2832_Granulocytes_Tue39L243_20%_DDA#3_400-650mz_msms4.raw	granulo_hpc_raw_part_02.zip
Granulocytes 03	I	Lumos	170126_AN_Buffy2835_Granulocytes_W_20%_DDA#1_400-650mz_msms17.raw	granulo_hpc_raw_part_02.zip
Granulocytes 03	I	Lumos	170206_AN_Buffy2835_Granulocytes_W_20%_DDA#2_400-650mz_msms47.raw	granulo_hpc_raw_part_02.zip
Granulocytes 03	I	Lumos	170206_AN_Buffy2835_Granulocytes_W_20%_DDA#3_400-650mz_msms48.raw	granulo_hpc_raw_part_02.zip
Granulocytes 03	II	Lumos	170619_AN_Graunulo_2835_Tue39L243_20%_DDA#1_400-1000mz_msms13.raw	granulo_hpc_raw_part_03.zip
Granulocytes 03	II	Lumos	170619_AN_Graunulo_2835_Tue39L243_20%_DDA#2_400-1000mz_msms14.raw	granulo_hpc_raw_part_03.zip
Granulocytes 03	II	Lumos	170619_AN_Graunulo_2835_Tue39L243_20%_DDA#3_400-1000mz_msms15.raw	granulo_hpc_raw_part_03.zip
Granulocytes 04	I	Lumos	170206_AN_Buffy2834_Granulocytes_W_20%_DDA#1_400-650mz_msms22.raw	granulo_hpc_raw_part_03.zip
Granulocytes 04	I	Lumos	170206_AN_Buffy2834_Granulocytes_W_20%_DDA#2_400-650mz_msms32.raw	granulo_hpc_raw_part_03.zip
Granulocytes 04	I	Lumos	170206_AN_Buffy2834_Granulocytes_W_20%_DDA#3_400-650mz_msms33.raw	granulo_hpc_raw_part_03.zip
Granulocytes 04	II	Lumos	170627_AN_Buffy2834_Granulocytes_Tue39L243_DDA#1_400-1000mz_msms14.raw	granulo_hpc_raw_part_04.zip
Granulocytes 04	II	Lumos	170627_AN_Buffy2834_Granulocytes_Tue39L243_DDA#2_400-1000mz_msms15.raw	granulo_hpc_raw_part_04.zip
Granulocytes 04	II	Lumos	170627_AN_Buffy2834_Granulocytes_Tue39L243_DDA#3_400-1000mz_msms16.raw	granulo_hpc_raw_part_04.zip
Granulocytes 05	I	Lumos	170204_AN_Buffy2833_Granulocytes_W_20%_DDA#1_400-650mz_msms15.raw	granulo_hpc_raw_part_04.zip
Granulocytes 05	I	Lumos	170206_AN_Buffy2833_Granulocytes_W_20%_DDA#2_400-650mz_msms50.raw	granulo_hpc_raw_part_04.zip
Granulocytes 05	I	Lumos	170206_AN_Buffy2833_Granulocytes_W_20%_DDA#3_400-650mz_msms51.raw	granulo_hpc_raw_part_04.zip
Granulocytes 06	I	Lumos	170206_AN_Buffy2836_Granulocytes_W_20%_DDA#1_400-650mz_msms45.raw	granulo_hpc_raw_part_05.zip
Granulocytes 06	I	Lumos	170206_AN_Buffy2836_Granulocytes_W_20%_DDA#2_400-650mz_msms53.raw	granulo_hpc_raw_part_05.zip
Granulocytes 06	I	Lumos	170206_AN_Buffy2836_Granulocytes_W_20%_DDA#3_400-650mz_msms54.raw	granulo_hpc_raw_part_05.zip
Granulocytes 06	II	Lumos	170622_AN_Buffy2836_Granulocytes_Tue39L243_20%_DDA#1_400-650mz_msms6.raw	granulo_hpc_raw_part_05.zip
Granulocytes 06	II	Lumos	170622_AN_Buffy2836_Granulocytes_Tue39L243_20%_DDA#2_400-650mz_msms7.raw	granulo_hpc_raw_part_05.zip
Granulocytes 06	II	Lumos	170622_AN_Buffy2836_Granulocytes_Tue39L243_20%_DDA#3_400-650mz_msms8.raw	granulo_hpc_raw_part_05.zip
Granulocytes 07	I	Lumos	170204_AN_Buffy2837_Granulocytes_W_20%_DDA#1_400-650mz_msms16.raw	granulo_hpc_raw_part_06.zip
Granulocytes 07	I	Lumos	170204_AN_Buffy2837_Granulocytes_W_20%_DDA#2_400-650mz_msms21.raw	granulo_hpc_raw_part_06.zip
Granulocytes 07	I	Lumos	170204_AN_Buffy2837_Granulocytes_W_20%_DDA#3_400-650mz_msms22.raw	granulo_hpc_raw_part_06.zip
Granulocytes 08	I	Lumos	170206_AN_Buffy2838_Granulocytes_W_20%_DDA#1_400-650mz_msms23.raw	granulo_hpc_raw_part_06.zip
Granulocytes 09	I	Lumos	170126_AN_Buffy2841_Granulocytes_W_20%_DDA#1_400-650mz_msms16.raw	granulo_hpc_raw_part_06.zip
Granulocytes 09	I	Lumos	170126_AN_Buffy2841_Granulocytes_W_20%_DDA#2_400-650mz_msms21.raw	granulo_hpc_raw_part_06.zip
Granulocytes 09	I	Lumos	170126_AN_Buffy2841_Granulocytes_W_20%_DDA#3_400-650mz_msms22.raw	granulo_hpc_raw_part_06.zip
Granulocytes 10	I	Lumos	170206_AN_Buffy2842_Granulocytes_W_20%_DDA#1_400-650mz_msms24.raw	granulo_hpc_raw_part_07.zip
Granulocytes 10	I	Lumos	170206_AN_Buffy2842_Granulocytes_W_20%_DDA#2_400-650mz_msms34.raw	granulo_hpc_raw_part_07.zip
Granulocytes 10	I	Lumos	170206_AN_Buffy2842_Granulocytes_W_20%_DDA#3_400-650mz_msms35.raw	granulo_hpc_raw_part_07.zip
Granulocytes 10	I	Lumos	170206_AN_Buffy2842_Granulocytes_W_20%_DDA#4_400-650mz_msms36.raw	granulo_hpc_raw_part_07.zip
Granulocytes 11	I	Lumos	170206_AN_Buffy2843_Granulocytes_W_20%_DDA#1_400-650mz_msms46.raw	granulo_hpc_raw_part_07.zip
Granulocytes 11	I	Lumos	170206_AN_Buffy2843_Granulocytes_W_20%_DDA#2_400-650mz_msms55.raw	granulo_hpc_raw_part_07.zip
Granulocytes 11	I	Lumos	170206_AN_Buffy2843_Granulocytes_W_20%_DDA#3_400-650mz_msms56.raw	granulo_hpc_raw_part_07.zip
Granulocytes 12	I	Orbitrap	140530_DK_J144_Granulocytes_Ficoll_W_20%_Rep#1_25cm90min3s_msms13.RAW	granulo_hpc_raw_part_08.zip
Granulocytes 12	I	Orbitrap	140530_DK_J144_Granulocytes_Ficoll_W_20%_Rep#2_25cm90min3s_msms17.RAW	granulo_hpc_raw_part_08.zip
Granulocytes 12	I	Orbitrap	140530_DK_J144_Granulocytes_Ficoll_W_20%_Rep#3_25cm90min3s_msms19.RAW	granulo_hpc_raw_part_08.zip
Granulocytes 12	I	Orbitrap	140530_DK_J144_Granulocytes_Ficoll_W_20%_Rep#4_25cm90min3s_msms21.RAW	granulo_hpc_raw_part_08.zip
Granulocytes 12	I	Orbitrap	140530_DK_J144_Granulocytes_Ficoll_W_20%_Rep#5_25cm90min3s_msms23.RAW	granulo_hpc_raw_part_08.zip
Granulocytes 12	I	Orbitrap	140530_DK_J144_Granulocytes_PreSediment_W_20%_Rep#1_25cm90min3s_msms14.RAW	granulo_hpc_raw_part_08.zip
Granulocytes 12	I	Orbitrap	140530_DK_J144_Granulocytes_PreSediment_W_20%_Rep#2_25cm90min3s_msms18.RAW	granulo_hpc_raw_part_08.zip
Granulocytes 12	I	Orbitrap	140530_DK_J144_Granulocytes_PreSediment_W_20%_Rep#3_25cm90min3s_msms20.RAW	granulo_hpc_raw_part_09.zip
Granulocytes 12	I	Orbitrap	140530_DK_J144_Granulocytes_PreSediment_W_20%_Rep#4_25cm90min3s_msms22.RAW	granulo_hpc_raw_part_09.zip
Granulocytes 12	I	Orbitrap	140530_DK_J144_Granulocytes_PreSediment_W_20%_Rep#5_25cm90min3s_msms24.RAW	granulo_hpc_raw_part_09.zip
Granulocytes 12	II	Orbitrap	140530_DK_J144_Granulocytes_Ficoll_Tue39L243_20%_Rep#1_25cm90min3s_msms15.RAW	granulo_hpc_raw_part_10.zip
Granulocytes 12	II	Orbitrap	140530_DK_J144_Granulocytes_PreSediment_Tue39L243_20%_Rep#1_25cm90min3s_msms16.RAW	granulo_hpc_raw_part_10.zip
Granulocytes 12	II	Orbitrap	140604_DK_J144_Granulocytes_Ficoll_Tue39L243_20%_Rep#2_25cm90min3s_msms5.RAW	granulo_hpc_raw_part_10.zip
Granulocytes 12	II	Orbitrap	140604_DK_J144_Granulocytes_Ficoll_Tue39L243_20%_Rep#3_25cm90min3s_msms6.RAW	granulo_hpc_raw_part_10.zip
Granulocytes 12	II	Orbitrap	140604_DK_J144_Granulocytes_Ficoll_Tue39L243_20%_Rep#4_25cm90min3s_msms7.RAW	granulo_hpc_raw_part_10.zip
Granulocytes 12	II	Orbitrap	140604_DK_J144_Granulocytes_Ficoll_Tue39L243_20%_Rep#5_25cm90min3s_msms8.RAW	granulo_hpc_raw_part_10.zip
Granulocytes 12	II	Orbitrap	140604_DK_J144_Granulocytes_PreSediment_Tue39L243_20%_Rep#2_25cm90min3s_msms9.RAW	granulo_hpc_raw_part_11.zip
Granulocytes 12	II	Orbitrap	140604_DK_J144_Granulocytes_PreSediment_Tue39L243_20%_Rep#3_25cm90min3s_msms10.RAW	granulo_hpc_raw_part_11.zip
Granulocytes 12	II	Orbitrap	140604_DK_J144_Granulocytes_PreSediment_Tue39L243_20%_Rep#4_25cm90min3s_msms11.RAW	granulo_hpc_raw_part_11.zip
Granulocytes 12	II	Orbitrap	140604_DK_J144_Granulocytes_PreSediment_Tue39L243_20%_Rep#5_25cm90min3s_msms12.RAW	granulo_hpc_raw_part_11.zip
Granulocytes 13	I	Orbitrap	141222_DK_J195_Granulocytes_W_20%_Rep#1_25cm90min3s_msms28.raw	granulo_hpc_raw_part_12.zip
Granulocytes 13	I	Orbitrap	141222_DK_J195_Granulocytes_W_20%_Rep#2_25cm90min3s_msms29.raw	granulo_hpc_raw_part_12.zip
Granulocytes 13	I	Orbitrap	141222_DK_J195_Granulocytes_W_20%_Rep#3_25cm90min3s_msms30.raw	granulo_hpc_raw_part_12.zip
Granulocytes 13	II	Orbitrap	141222_DK_J195_Granulocytes_Tue39L243_20%_Rep#1_25cm90min3s_msms31.raw	granulo_hpc_raw_part_12.zip
Granulocytes 13	II	Orbitrap	141222_DK_J195_Granulocytes_Tue39L243_20%_Rep#2_25cm90min3s_msms32.raw	granulo_hpc_raw_part_12.zip
Granulocytes 13	II	Orbitrap	141222_DK_J195_Granulocytes_Tue39L243_20%_Rep#3_25cm90min3s_msms33.raw	granulo_hpc_raw_part_12.zip
Granulocytes 14	I	Orbitrap	150222_DK_J196Granulocytes_W_20%_Rep#1_50cm195min3s_msms10.raw	granulo_hpc_raw_part_13.zip
Granulocytes 14	I	Orbitrap	150222_DK_J196Granulocytes_W_20%_Rep#2_50cm195min3s_msms11.raw	granulo_hpc_raw_part_13.zip
Granulocytes 14	I	Orbitrap	150222_DK_J196Granulocytes_W_20%_Rep#3_50cm195min3s_msms12.raw	granulo_hpc_raw_part_13.zip
Granulocytes 14	II	Orbitrap	150304_DK_J196Granulocytes_Tue39L243_20%_Rep#1_50cm195min3s_msms3.raw	granulo_hpc_raw_part_14.zip
Granulocytes 14	II	Orbitrap	150304_DK_J196Granulocytes_Tue39L243_20%_Rep#2_50cm195min3s_msms4.raw	granulo_hpc_raw_part_14.zip
Granulocytes 14	II	Orbitrap	150304_DK_J196Granulocytes_Tue39L243_20%_Rep#3_50cm195min3s_msms5.raw	granulo_hpc_raw_part_14.zip
HPC 01	I	Lumos	161004_AN_HSC01_CD34pos_MACS1+2pooled_W_20%_Dosefinding_DDA_400-650mz_msms14.raw	granulo_hpc_raw_part_15.zip
HPC 01	I	Lumos	161004_AN_HSC01_CD34pos_MACS1+2pooled_W_20%_adjusted_Rep1_DDA_400-650mz_msms20.raw	granulo_hpc_raw_part_15.zip
HPC 01	I	Lumos	161004_AN_HSC01_CD34pos_MACS1+2pooled_W_20%_adjusted_Rep2_DDA_400-650mz_msms21.raw	granulo_hpc_raw_part_15.zip
HPC 01	I	Lumos	161004_AN_HSC01_CD34pos_MACS1+2pooled_W_20%_adjusted_Rep3_DDA_400-650mz_msms22.raw	granulo_hpc_raw_part_15.zip
HPC 01	I	Lumos	161004_AN_HSC01_CD34pos_MACS1+2pooled_W_20%_adjusted_Rep4_DDA_400-650mz_msms23.raw	granulo_hpc_raw_part_15.zip
HPC 01	I	Lumos	161004_AN_HSC01_CD34pos_MACS1+2pooled_W_20%_adjusted_Rep5_DDA_400-650mz_msms24.raw	granulo_hpc_raw_part_15.zip
HPC 01	II	Lumos	161007_AN_HSC01_CD34pos_MACS1+2pooled_Tue39L243_20%_Dosefinding_DDA_400-1000mz_msms4.raw	granulo_hpc_raw_part_16.zip
HPC 01	II	Lumos	161007_AN_HSC01_CD34pos_MACS1+2pooled_Tue39L243_20%_adjusted_Rep2_DDA_400-1000mz_msms16.raw	granulo_hpc_raw_part_16.zip
HPC 01	II	Lumos	161007_AN_HSC01_CD34pos_MACS1+2pooled_Tue39L243_20%_adjusted_Rep3_DDA_400-1000mz_msms17.raw	granulo_hpc_raw_part_16.zip
HPC 01	II	Lumos	161007_AN_HSC01_CD34pos_MACS1+2pooled_Tue39L243_20%_adjusted_Rep4_DDA_400-1000mz_msms18.raw	granulo_hpc_raw_part_16.zip
HPC 01	II	Lumos	161007_AN_HSC01_CD34pos_MACS1+2pooled_Tue39L243_20%_adjusted_Rep5_DDA_400-1000mz_msms19.raw	granulo_hpc_raw_part_16.zip
HPC 02	I	Lumos	170126_AN_HSC02_W_20%_DDA#1_400-650mz_msms33.raw	granulo_hpc_raw_part_17.zip
HPC 02	I	Lumos	170126_AN_HSC02_W_20%_DDA#2_400-650mz_msms34.raw	granulo_hpc_raw_part_17.zip
HPC 02	I	Lumos	170126_AN_HSC02_W_20%_DDA#3_400-650mz_msms35.raw	granulo_hpc_raw_part_17.zip
HPC 02	II	Lumos	170609_AN_HSC02_Tue39L243_20%_DDA#1_400-1000mz_msms24.raw	granulo_hpc_raw_part_17.zip
HPC 02	II	Lumos	170609_AN_HSC02_Tue39L243_20%_DDA#2_400-1000mz_msms25.raw	granulo_hpc_raw_part_17.zip
HPC 02	II	Lumos	170609_AN_HSC02_Tue39L243_20%_DDA#3_400-1000mz_msms26.raw	granulo_hpc_raw_part_17.zip
HPC 03	I	Lumos	161225_AN_HSC03_CD34pos_W_20%_Dosefinding_DDA_400-650mz_msms45.raw	granulo_hpc_raw_part_18.zip
HPC 03	I	Lumos	161225_AN_HSC03_CD34pos_W_20%_adjusted_Rep2_DDA_400-650mz_msms51.raw	granulo_hpc_raw_part_18.zip
HPC 03	I	Lumos	161225_AN_HSC03_CD34pos_W_20%_adjusted_Rep3_DDA_400-650mz_msms52.raw	granulo_hpc_raw_part_18.zip
HPC 03	I	Lumos	161225_AN_HSC03_CD34pos_W_20%_adjusted_Rep4_DDA_400-650mz_msms53.raw	granulo_hpc_raw_part_18.zip
HPC 03	I	Lumos	161225_AN_HSC03_CD34pos_W_20%_adjusted_Rep5_DDA_400-650mz_msms54.raw	granulo_hpc_raw_part_18.zip
HPC 03	II	Lumos	170126_AN_HSC03_CD34pos_Tue39L243_20%_Dosefinding_DDA_400-1000mz_msms2.raw	granulo_hpc_raw_part_19.zip
HPC 03	II	Lumos	170126_AN_HSC03_CD34pos_Tue39L243_20%_adjusted_Rep2_DDA_400-1000mz_msms9.raw	granulo_hpc_raw_part_19.zip
HPC 03	II	Lumos	170126_AN_HSC03_CD34pos_Tue39L243_20%_adjusted_Rep5_DDA_400-1000mz_msms12.raw	granulo_hpc_raw_part_19.zip
HPC 03	II	Lumos	170126_AN_HSC03_CD34pos_Tue39L243_20%_adjusted_Rep6_DDA_400-1000mz_msms14.raw	granulo_hpc_raw_part_19.zip
HPC 04	I	Lumos	170329_AN_HSC04_CD34pos_W_20%_Rep1_DDA_400-650mz_msms35.raw	granulo_hpc_raw_part_19.zip
HPC 04	I	Lumos	170329_AN_HSC04_CD34pos_W_20%_Rep2_new_DDA_400-650mz_msms41.raw	granulo_hpc_raw_part_19.zip
HPC 04	I	Lumos	170329_AN_HSC04_CD34pos_W_20%_Rep3_DDA_400-650mz_msms40.raw	granulo_hpc_raw_part_19.zip
HPC 04	II	Lumos	170616_AN_HSC04_Tue39L243_20%_DDA#1_400-1000mz_msms1.raw	granulo_hpc_raw_part_20.zip
HPC 04	II	Lumos	170616_AN_HSC04_Tue39L243_20%_DDA#2_400-1000mz_msms2.raw	granulo_hpc_raw_part_20.zip
HPC 04	II	Lumos	170616_AN_HSC04_Tue39L243_20%_DDA#3_400-1000mz_msms3.raw	granulo_hpc_raw_part_20.zip
HPC 05	I	Lumos	170329_AN_HSC05_CD34pos_W_20%_Rep1_DDA_400-650mz_msms36.raw	granulo_hpc_raw_part_20.zip
HPC 05	I	Lumos	170329_AN_HSC05_CD34pos_W_20%_Rep2_DDA_400-650mz_msms42.raw	granulo_hpc_raw_part_20.zip
HPC 05	I	Lumos	170329_AN_HSC05_CD34pos_W_20%_Rep3_DDA_400-650mz_msms43.raw	granulo_hpc_raw_part_20.zip
HPC 05	II	Lumos	170513_AN_HSC05_CD34pos_Tue39L243_20%_DDA#1_400-1000mz_msms39.raw	granulo_hpc_raw_part_21.zip
HPC 05	II	Lumos	170513_AN_HSC05_CD34pos_Tue39L243_20%_DDA#1_400-1000mz_msms40.raw	granulo_hpc_raw_part_21.zip
HPC 05	II	Lumos	170513_AN_HSC05_CD34pos_Tue39L243_20%_DDA#1_400-1000mz_msms41.raw	granulo_hpc_raw_part_21.zip
HPC 06	I	Lumos	170329_AN_HSC06_CD34pos_W_20%_Rep1_DDA_400-650mz_msms37.raw	granulo_hpc_raw_part_21.zip
HPC 06	I	Lumos	170329_AN_HSC06_CD34pos_W_20%_Rep2_DDA_400-650mz_msms44.raw	granulo_hpc_raw_part_21.zip
HPC 06	I	Lumos	170329_AN_HSC06_CD34pos_W_20%_Rep3_DDA_400-650mz_msms45.raw	granulo_hpc_raw_part_21.zip
HPC 06	II	Lumos	170619_AN_HSC06_Tue39L243_20%_DDA#1_400-1000mz_msms9.raw	granulo_hpc_raw_part_22.zip
HPC 06	II	Lumos	170619_AN_HSC06_Tue39L243_20%_DDA#2_400-1000mz_msms10.raw	granulo_hpc_raw_part_22.zip
HPC 06	II	Lumos	170619_AN_HSC06_Tue39L243_20%_DDA#3_400-1000mz_msms11.raw	granulo_hpc_raw_part_22.zip
HPC 07	I	Lumos	170329_AN_HSC07_CD34pos_W_20%_Rep1_DDA_400-650mz_msms7.raw	granulo_hpc_raw_part_22.zip
HPC 07	I	Lumos	170329_AN_HSC07_CD34pos_W_20%_Rep2_DDA_400-650mz_msms8.raw	granulo_hpc_raw_part_22.zip
HPC 07	I	Lumos	170329_AN_HSC07_CD34pos_W_20%_Rep3_DDA_400-650mz_msms9.raw	granulo_hpc_raw_part_22.zip
HPC 07	II	Lumos	170617_AN_HSC07_Tue39L243_20%_DDA#1_400-1000mz_msms1.raw	granulo_hpc_raw_part_23.zip
HPC 07	II	Lumos	170617_AN_HSC07_Tue39L243_20%_DDA#2_400-1000mz_msms2.raw	granulo_hpc_raw_part_23.zip
HPC 07	II	Lumos	170617_AN_HSC07_Tue39L243_20%_DDA#3_400-1000mz_msms3.raw	granulo_hpc_raw_part_23.zip
HPC 08	I	Lumos	170329_AN_HSC08_CD34pos_W_20%_Rep1_DDA_400-650mz_msms11.raw	granulo_hpc_raw_part_23.zip
HPC 08	I	Lumos	170329_AN_HSC08_CD34pos_W_20%_Rep2_DDA_400-650mz_msms12.raw	granulo_hpc_raw_part_23.zip
HPC 08	I	Lumos	170329_AN_HSC08_CD34pos_W_20%_Rep3_DDA_400-650mz_msms13.raw	granulo_hpc_raw_part_23.zip
HPC 08	II	Lumos	170619_AN_HSC08_Tue39L243_20%_DDA#1_400-1000mz_msms5.raw	granulo_hpc_raw_part_24.zip
HPC 08	II	Lumos	170619_AN_HSC08_Tue39L243_20%_DDA#2_400-1000mz_msms6.raw	granulo_hpc_raw_part_24.zip
HPC 08	II	Lumos	170619_AN_HSC08_Tue39L243_20%_DDA#3_400-1000mz_msms7.raw	granulo_hpc_raw_part_24.zip
